﻿<?xml version="1.0" encoding="utf-8"?>
<extension type="Metric" name="ARMMetricExtension" enabled="true">
  <execution mode="Periodic" type="DLL" path="AppDynamics.Extension.ARM.ARMMetricExtension" />
  <description>Optional description for the azure monitoring extension.</description>

<!-- 
  You can specify any Azure Resource to pull metrics from. The {instance-name} identifies the resource in AppDynamics Controller. 
  You can pull metrics from any Azure Monitor resource. Some examples are below... 
    
  <instance name="{instance-name}" data="resourceGroups/{resource-group-name}/providers/Microsoft.Devices/IotHubs/{iot-hub-name}/" />
  <instance name="{instance-name}" data="resourceGroups/{resource-group-name}/providers/Microsoft.Sql/servers/{pool-db}/elasticpools/{sql-pool-name}/" />
  <instance name="{instance-name}" data="resourceGroups/{resource-group-name}/providers/Microsoft.Sql/servers/{server-name}/databases/{database-name}/" />
  <instance name="{instance-name}" data="resourceGroups/{resource-group-name}/providers/Microsoft.ServiceBus/{namespace}/{servicebus-name/" />
  <instance name="{instance-name}" data="resourceGroups/{resource-group-name}/providers/Microsoft.Compute/virtualMachineScaleSets/{vm-name}/" />
  <instance name="{instance-name}" data="resourceGroups/{resource-group-name}/providers/Microsoft.Compute/virtualMachines/{vm-name}/" />
  <instance name="{instance-name}" data="resourceGroups/{resource-group-name}/providers/Microsoft.EventHub/namespaces/{eventhub-namespace}/" />
  <instance name="{instance-name}" data="resourceGroups/{resource-group-name}/providers/Microsoft.Web/serverfarms/{service-plan-name}/" />
  <instance name="{instance-name}" data="resourceGroups/{resource-group-name}/providers/Microsoft.Web/sites/{app-service-name}/providers/Microsoft.insights/" />

  See https://azure.microsoft.com/en-us/documentation/articles/monitoring-rest-api-walkthrough/ for more information.
-->
  <instances>
    <instance name="{instance-name}" data="resourceGroups/{resource-group-name}/providers/Microsoft.Web/sites/{app-service-name}/providers/Microsoft.insights/" />
  </instances>  
  <parameters>
    <add key="CLIENT_ID" value="{client-id}" />
    <add key="TENANT_ID" value="{tenant-id}" />
    <add key="CLIENT_KEY" value="{client-key}" />
    <add key="SUBSCRIPTION_ID" value="{subscription-id}" />
    <add key="METRIC_API" value="2016-09-01" />
    <add key="METRIC_DEFINITION_API" value="2016-03-01" />
  </parameters>
</extension>